{"n_balda": [0.5404367162865402, 0.7484055808656813, 0.6543127339783543, 0.6473090593593361, 0.6965302250078881, 0.6618691068397182, 0.6579808045183495, 0.6857776121262853, 0.6641953173811593, 0.6617922621808559, 0.6814244272197889, 0.6652392438695016, 0.6636621187344098, 0.6791798504214439, 0.6657378814449482, 0.6647441336021267, 0.6779445028401374, 0.6660034296519275, 0.6653960210789255, 0.6772521625608732, 0.6660947559983501, 0.665779849279823, 0.676919147002409, 0.666013057751171, 0.6660130577511709, 0.6769191470024094, 0.6657798492798237, 0.6660947559983502, 0.6772521625608745, 0.6653960210789255, 0.6660034296519269, 0.6779445028401373, 0.6647441336021265, 0.6657378814449465, 0.6791798504214437, 0.6636621187344096, 0.665239243869501, 0.6814244272197865, 0.661792262180855, 0.6641953173811584, 0.6857776121262846, 0.6579808045183494, 0.6618691068397173, 0.696530225007887, 0.6473090593593366, 0.6543127339783557, 0.7484055808656808, 0.5404367162865401], "n_balda_prime": [0.46720282940958807, 0.6910906609040153, 0.6282666280151527, 0.5905054308826454, 0.6433729121560632, 0.6392200898180863, 0.6123707301479558, 0.6382398039086611, 0.6458626568687132, 0.6258119129156466, 0.6402320470704488, 0.6516703093243692, 0.6363074585514124, 0.6447453112133995, 0.6574334714910887, 0.6452664321287886, 0.6503941477675851, 0.6633658402515291, 0.6532094022035582, 0.6566136047704821, 0.6695557187848061, 0.6604295400372967, 0.6631672424139098, 0.6760246563782257, 0.667055096376107, 0.6699716829196125, 0.6827557849800884, 0.6731081545937803, 0.6770696314576825, 0.6896793030176791, 0.6785286069867146, 0.6846325836484218, 0.6966971466679175, 0.6831991807472252, 0.6930288209650476, 0.7035809985778411, 0.6869142862338289, 0.7028908536675549, 0.7097910210612534, 0.689229151481771, 0.7157116063528333, 0.7140143113797789, 0.689277493888025, 0.7361000912701205, 0.7111225369087113, 0.6825252141596064, 0.799164235647975, 0.6135933695969968], "v_xc_balda": [-0.32223512909743124, -0.36496476108580644, -0.34475858707317397, -0.34334688201326513, -0.35338677688084297, -0.3463316602554639, -0.34549662226045497, -0.3511291801866434, -0.34677873456396, -0.3462776369974857, -0.350294476429136, -0.3470126154435843, -0.3466097171758664, -0.34978711281934416, -0.34700999319210724, -0.3468722880987013, -0.3495976540579593, -0.3471174597343418, -0.34701291324336636, -0.3494539164662108, -0.34720156470476327, -0.3470330399018312, -0.3492950361942665, -0.34713325720497623, -0.34713325720497623, -0.3492950361942665, -0.3470330399018312, -0.34720156470476327, -0.3494539164662136, -0.34701291324336636, -0.3471174597343418, -0.3495976540579593, -0.3468722880987013, -0.34700999319210446, -0.34978711281934416, -0.3466097171758664, -0.3470126154435843, -0.35029447642913325, -0.3462776369974857, -0.34677873456396, -0.3511291801866434, -0.34549662226045497, -0.34633166025546114, -0.3533867768808402, -0.34334688201326513, -0.34475858707317675, -0.36496476108580644, -0.32223512909743124], "v_xc_balda_prime": [-0.30664420189856906, -0.35229097665513687, -0.3396253448318787, -0.3322390411000187, -0.34264543357043764, -0.3418087649170648, -0.33656819442977326, -0.3415724110332474, -0.34310063638814947, -0.3391723811755315, -0.341955625920215, -0.34420986565715794, -0.34119925983671917, -0.3428733970542497, -0.3454082136002984, -0.34302236218044513, -0.34400804865030443, -0.3466007401321941, -0.34457662060630445, -0.3452386130536139, -0.34783872774682423, -0.3460012680930852, -0.34656218558969665, -0.34915895946954767, -0.34733424872151475, -0.3479399443471587, -0.3505687712483163, -0.3485606419334347, -0.3493721846597686, -0.3519808171859484, -0.3496381653290831, -0.3509032867856643, -0.35343219069420007, -0.35059944056765047, -0.35270637974857133, -0.35491633982299153, -0.35145227091426257, -0.3547655692480528, -0.3562222259648501, -0.3518371193965253, -0.35753176014663157, -0.35714889831009455, -0.3518735096512182, -0.3621374717582615, -0.3565364348293465, -0.3504948681334996, -0.3786706047834848, -0.3366898766540921], "v_h_balda": [1.0808814539585703, 1.4968101319026728, 1.3086337752465873, 1.2946151854092578, 1.3930618795063427, 1.3237390147641552, 1.3159610316908659, 1.3715553067054513, 1.3283909221994452, 1.323583290402094, 1.3628486530222854, 1.3304777469985205, 1.3273238355468715, 1.3583590115170705, 1.3314756464225859, 1.3294870188643877, 1.3558887106344055, 1.332004068162201, 1.3307916859122142, 1.354504009048181, 1.3321891839113764, 1.33155864224851, 1.3538374347473472, 1.3320223611786048, 1.3320223611786048, 1.3538374347473472, 1.3315586422485095, 1.332189183911376, 1.3545040090481804, 1.3307916859122133, 1.3320040681622005, 1.3558887106344053, 1.329487018864387, 1.3314756464225856, 1.3583590115170705, 1.3273238355468713, 1.3304777469985205, 1.3628486530222856, 1.323583290402094, 1.3283909221994454, 1.3715553067054513, 1.3159610316908659, 1.323739014764155, 1.3930618795063425, 1.2946151854092578, 1.308633775246587, 1.4968101319026732, 1.08088145395857], "v_h_balda_prime": [0.9344087808824845, 1.3821847384191384, 1.2565418455998207, 1.1810122169927764, 1.2867473822618702, 1.2784428295681822, 1.2247444115948938, 1.276479938440326, 1.2917286061961508, 1.2516267851476717, 1.2804644280588822, 1.3033439425261875, 1.2726181067938842, 1.2894907218807634, 1.314869286998602, 1.2905340882977794, 1.3007882718859989, 1.3267323258769683, 1.3064210451996991, 1.313227080120387, 1.3391118981621595, 1.3208613909615619, 1.3263341971706137, 1.3520496018929349, 1.3341116542747078, 1.3399419319996042, 1.3655116478858353, 1.3462175904848985, 1.354136683876749, 1.3793583507737817, 1.357057520556632, 1.3692625194153725, 1.393392363576925, 1.3663981980036926, 1.3860539956675475, 1.4071617947023662, 1.3738270012189013, 1.405779762192225, 1.4195817863011921, 1.3784561878436865, 1.431418019848883, 1.4280276573603454, 1.3785500327066338, 1.4721970664501502, 1.4222432495918496, 1.3650426528033273, 1.5983230774109058, 1.227185334124044]}