{"occupancy": [2, 4, 6, 8, 10, 12, 14, 16, 18, 20, 22, 24, 26, 28, 30, 32, 34, 36], "e_hxc_mae": [[0.023413838307118493, 0.01596023092225188, 0.015554004397672893, 0.011383739347196572, 0.006029200026151402, 0.0022059103139403704, 0.0014337283280587351, 0.00116732946865124, 0.0008693365300259012, 0.0009767750087516097, 0.0007317268966731259, 0.00047878189616742023, 0.0005306664824006894, 0.0010214581713266333, 0.0031724334127458914, 0.006781500181783298, 0.008565886698533856, 0.0020240078890536852], [0.02631556851630092, 0.007636596924188592, 0.008098669722381545, 0.007162692266453756, 0.005965315422643099, 0.005126006219837554, 0.004287612613480654, 0.0033155330493570686, 0.002458464787382952, 0.00180698376856063, 0.0009752393115490787, 0.0004042728783816501, 0.00045013442175815947, 0.0013052640858826302, 0.002148535304607913, 0.003853465054991238, 0.006754014358622924, 0.007295419493405154], [0.02828208322999797, 0.004181124049099159, 0.004415551854420773, 0.0047463738028782464, 0.005376700722074052, 0.00558652991790257, 0.005043681182571285, 0.004241738575566608, 0.003154191207699383, 0.0021204692237424935, 0.0010171866873100847, 0.00023499786344660347, 0.0008970632750643097, 0.001606838737240683, 0.0026845536662558366, 0.004690180571108122, 0.0075618543217941415, 0.008768323529847593], [0.029541597416229217, 0.0047540218000279195, 0.007312825010896339, 0.00812636897437634, 0.007854432665825426, 0.0072116836713951365, 0.006168946923257278, 0.004377810702094236, 0.0019458502515942568, 0.0009624144631828264, 0.000599288063301911, 0.0002192810636977078, 0.0008144949060863391, 0.0016322257787191796, 0.0024826102323088034, 0.003216059606501519, 0.003144880669778755, 0.0015979527433111615]], "e_hxc_ks_mae": [[0.023776929455827142, 0.012721619902755856, 0.013037857751895136, 0.009650044502893227, 0.004128653759002132, 0.0022687274731413784, 0.003723100980207344, 0.0026996188701153842, 0.0011345372349128194, 0.0008867691084371222, 0.0007145123746119184, 0.0004732787938431037, 0.000514355146355149, 0.0007025638482170323, 0.0031455132232857726, 0.008417217202877726, 0.014461392875217492, 0.0013500128214613588], [0.028090613702906924, 0.004594343752755323, 0.005503841676264225, 0.005109389831904062, 0.004687569236079635, 0.00426297779285022, 0.0039087890941323, 0.002963158841992561, 0.002103341503542167, 0.0018314379193234529, 0.000929213105834422, 0.00037422431076385924, 0.0004959555248682585, 0.0013207716415528385, 0.0020303595761543827, 0.004408854926191164, 0.009292774447834919, 0.006608223049313088], [0.0360562557424502, 0.008876653253617257, 0.005971348318842067, 0.0027246032784978176, 0.003919546807052236, 0.004615831334097739, 0.004513485078831151, 0.003940826939738588, 0.002914396410916125, 0.0021181330528042136, 0.000985550942296165, 0.0002275315578533098, 0.0009554514909106539, 0.001496707168241732, 0.002344483090780144, 0.004364723067709863, 0.007518430268469548, 0.0059538917693549645], [0.03305906526148996, 0.0029128439762270745, 0.004988105246493768, 0.005611193610836923, 0.00488915238525044, 0.0048092450397381305, 0.005166957570989869, 0.0038206647493100993, 0.0013137243341410166, 0.0007089264456668431, 0.00046955485182179914, 0.000258420517482199, 0.0007981881940153244, 0.0016137468741780363, 0.0025167417559444558, 0.003451446497700206, 0.0031092287181200074, 0.005257620858727432]], "v_hxc_mae": [[0.4102850014595984, 0.3596530909009584, 0.3008929004684628, 0.1582428327134333, 0.11548133146695536, 0.09095569873604553, 0.06849743625777761, 0.05593427946650856, 0.0381803291950599, 0.03412226801660919, 0.025254812668630583, 0.02320786002046363, 0.026045713823260347, 0.03743297119195238, 0.05135926603785358, 0.07302651631981522, 0.17374753169536028, 0.12994661820880857], [0.4205980309702426, 0.32589589580886846, 0.26346309504834153, 0.13359697950391888, 0.10228992517750121, 0.07392304649894751, 0.05836949733364519, 0.041575759272691526, 0.03179681469259543, 0.026502884353328218, 0.023770956600480134, 0.02006858063264526, 0.022613111938375924, 0.02735930274637033, 0.03241087926546396, 0.047204208840313365, 0.09345133967551449, 0.13045126146044617], [0.43408083265452874, 0.3303001990064053, 0.28602150544850974, 0.1662634874263711, 0.12121166231027297, 0.09376785609314059, 0.06873462943485051, 0.05395957491958174, 0.03733163856775486, 0.02772145668528397, 0.02115479353522688, 0.01855560667261425, 0.0198644351227704, 0.026183272638795982, 0.03062966529425862, 0.044989740390840055, 0.083446157009617, 0.1467652003051974], [0.37678416992474495, 0.2875294610303762, 0.2837772357470283, 0.17946929013558655, 0.14432256878074914, 0.11223945758569501, 0.0833927635720179, 0.06750550197637928, 0.0461187382886407, 0.03235982774573255, 0.02231209956615971, 0.017230847914968164, 0.019355176463114396, 0.027144783359601625, 0.0350797254179018, 0.057028375489565505, 0.0998428924845408, 0.17916172551953474]], "v_hxc_ks_mae": [[0.37346434879073215, 0.4461194952899287, 0.4392117401123959, 0.22414371653513704, 0.1154401683341359, 0.07429674073860865, 0.054806466748911827, 0.04329495941243056, 0.032150266398729616, 0.025564974556816583, 0.01738282424201521, 0.015494865211263122, 0.017098634256647233, 0.023755284959650208, 0.02951382656460147, 0.03204937864496073, 0.061728333921838685, 0.031686163353850424], [0.47703990519327255, 0.34991491771031835, 0.27452219308040315, 0.14348559155009688, 0.10147875907209762, 0.08086179731505937, 0.05517854957199381, 0.03385039490976082, 0.023540777540012686, 0.019345249338464682, 0.01672347067098864, 0.013810359587673383, 0.01405673110668593, 0.017194395879962125, 0.019731427641074946, 0.031133968949209233, 0.03775645558351731, 0.03988271714657281], [0.5154230255591947, 0.2653816558668096, 0.2649358778285597, 0.15228473858164449, 0.10627324407755853, 0.08529403721152834, 0.058019699174197484, 0.04464337254112158, 0.030966329075793397, 0.020237745913260028, 0.014835785943248851, 0.012962281737347765, 0.01195968486438008, 0.016008907853457974, 0.01785890156526168, 0.026235071534013235, 0.04024399959417502, 0.05354215325063302], [0.42297586669045956, 0.3184656007640996, 0.3112068019725738, 0.19230122785701068, 0.14682093127977242, 0.10693820076078006, 0.0767078908781123, 0.05323666986486372, 0.03372135466903366, 0.020822447384072573, 0.015428803509789276, 0.011413840661878581, 0.01183252565696452, 0.01594943003346384, 0.019961947214236685, 0.0304484761856548, 0.04976222960221954, 0.08616198051535534]],